model,accuracy,precision,recall,f1_score,roc_auc,average_precision
RandomForest_initial,0.9853702229299363,1.0,0.9303940653443468,0.9639421111444223,0.9797194405413963,0.9707864418110541
LogisticRegression_baseline,0.9852154104741684,1.0,0.92965749460725,0.9635466368568858,0.9769771772641875,0.9679410907436536
Baseline_most_frequent,0.7898199752300071,0.0,0.0,0.0,0.5,0.21018002476999292
